INSERT INTO cursovaya.age_limits (id, year) VALUES (1, 0);
INSERT INTO cursovaya.age_limits (id, year) VALUES (2, 6);
INSERT INTO cursovaya.age_limits (id, year) VALUES (3, 12);
INSERT INTO cursovaya.genres (id, name, imagesg_id) VALUES (1, 'Аркада', 1);
INSERT INTO cursovaya.genres (id, name, imagesg_id) VALUES (2, 'Экшон', 2);
INSERT INTO cursovaya.genres (id, name, imagesg_id) VALUES (3, 'Приключения', 3);
INSERT INTO cursovaya.genres (id, name, imagesg_id) VALUES (4, 'Файтинг', 4);
INSERT INTO cursovaya.genres (id, name, imagesg_id) VALUES (5, 'Стратегии', 5);
INSERT INTO cursovaya.languages (id, name) VALUES (4, 'Japanese');
INSERT INTO cursovaya.languages (id, name) VALUES (1, 'Russian');
INSERT INTO cursovaya.languages (id, name) VALUES (3, 'Chinese');
INSERT INTO cursovaya.languages (id, name) VALUES (2, 'Huinglish');
INSERT INTO cursovaya.publishers (id, name) VALUES (1, 'EA');
INSERT INTO cursovaya.publishers (id, name) VALUES (2, 'Wargaming');
INSERT INTO cursovaya.publishers (id, name) VALUES (3, 'Blizard');
INSERT INTO cursovaya.products (id, description, full_price, one_day_price, quantity, title, year_of_issue, age_limits_id, genres_id, languages_id, platforms_id, publishers_id) VALUES (1, 'My first discription', 20, 2, 20, 'Battletoads', 1980, 1, 1, 1, 1, 1);
INSERT INTO cursovaya.products (id, description, full_price, one_day_price, quantity, title, year_of_issue, age_limits_id, genres_id, languages_id, platforms_id, publishers_id) VALUES (2, 'The best computer game 2015', 40, 4, 50, 'GTA 5', 2015, 2, 2, 2, 2, 2);
INSERT INTO cursovaya.products (id, description, full_price, one_day_price, quantity, title, year_of_issue, age_limits_id, genres_id, languages_id, platforms_id, publishers_id) VALUES (3, 'My favorite game', 15, 1, 13, 'Valiant hearts', 2016, 3, 3, 3, 3, 3);